Date,Region,Cases_day_before,Current_cases,Cases_last_24h,Hospital_all_patients,Hospital_only_COVID-19,Hospital_serious,Deceased
2020-03-16,Altenburger Land,,3,0,0,0,0,0
2020-03-16,Eichsfeld,,3,0,0,0,0,0
2020-03-16,Eisenach,,1,0,0,0,0,0
2020-03-16,Erfurt,,8,0,2,0,0,1
2020-03-16,Gera,,1,0,0,0,0,0
2020-03-16,Gotha,,1,0,0,0,0,0
2020-03-16,Greiz,,3,2,1,0,0,0
2020-03-16,Hildburghausen,,0,0,0,0,0,0
2020-03-16,Ilm-Kreis,,1,0,0,0,0,0
2020-03-16,Jena,,8,0,0,0,0,0
2020-03-16,Kyffhäuserkreis,,7,1,1,0,0,0
2020-03-16,Nordhausen,,2,0,0,0,0,0
2020-03-16,Saale-Holzland-Kreis,,3,0,0,0,0,0
2020-03-16,Saale-Orla-Kreis,,3,0,1,0,0,0
2020-03-16,Saalfeld-Rudolstadt,,5,0,0,0,0,0
2020-03-16,Schmalkalden-Meiningen,,2,0,0,0,0,0
2020-03-16,Sömmerda,,0,0,0,0,0,0
2020-03-16,Sonneberg,,0,0,0,0,0,0
2020-03-16,Suhl,,1,0,0,0,0,0
2020-03-16,Unstrut-Hainich-Kreis,,0,0,0,0,0,0
2020-03-16,Wartburgkreis,,0,0,0,0,0,0
2020-03-16,Weimar,,2,1,0,0,0,0
2020-03-16,Weimarer Land,,1,0,0,0,0,0
2020-03-16,Summe:,,55,4,5,0,0,1
2020-03-17,Altenburger Land,,4,1,1,0,0,0
2020-03-17,Eichsfeld,,3,0,0,0,0,0
2020-03-17,Eisenach,,1,0,0,0,0,0
2020-03-17,Erfurt,,14,6,2,0,0,1
2020-03-17,Gera,,2,1,0,0,0,0
2020-03-17,Gotha,,1,0,0,0,0,0
2020-03-17,Greiz,,3,0,1,0,0,0
2020-03-17,Hildburghausen,,0,0,0,0,0,0
2020-03-17,Ilm-Kreis,,1,0,0,0,0,0
2020-03-17,Jena,,8,0,0,0,0,0
2020-03-17,Kyffhäuserkreis,,8,1,1,0,0,0
2020-03-17,Nordhausen,,2,0,0,0,0,0
2020-03-17,Saale-Holzland-Kreis,,3,0,0,0,0,0
2020-03-17,Saale-Orla-Kreis,,3,0,1,0,0,0
2020-03-17,Saalfeld-Rudolstadt,,5,0,0,0,0,0
2020-03-17,Schmalkalden-Meiningen,,3,1,0,0,0,0
2020-03-17,Sömmerda,,0,0,0,0,0,0
2020-03-17,Sonneberg,,0,0,0,0,0,0
2020-03-17,Suhl,,1,0,0,0,0,0
2020-03-17,Unstrut-Hainich-Kreis,,1,1,0,0,0,0
2020-03-17,Wartburgkreis,,3,3,0,0,0,0
2020-03-17,Weimar,,3,1,0,0,0,0
2020-03-17,Weimarer Land,,2,1,0,0,0,0
2020-03-17,Summe:,,71,16,7,0,0,1
2020-03-18,Altenburger Land,,5,1,1,0,0,0
2020-03-18,Eichsfeld,,3,0,0,0,0,0
2020-03-18,Eisenach,,1,0,0,0,0,0
2020-03-18,Erfurt,,18,4,2,0,0,1
2020-03-18,Gera,,2,0,0,0,0,0
2020-03-18,Gotha,,1,0,0,0,0,0
2020-03-18,Greiz,,7,4,2,0,0,0
2020-03-18,Hildburghausen,,0,0,0,0,0,0
2020-03-18,Ilm-Kreis,,1,0,0,0,0,0
2020-03-18,Jena,,8,0,0,0,0,0
2020-03-18,Kyffhäuserkreis,,8,0,0,0,0,0
2020-03-18,Nordhausen,,2,0,0,0,0,0
2020-03-18,Saale-Holzland-Kreis,,4,1,0,0,0,0
2020-03-18,Saale-Orla-Kreis,,4,1,1,0,0,0
2020-03-18,Saalfeld-Rudolstadt,,5,0,0,0,0,0
2020-03-18,Schmalkalden-Meiningen,,3,0,0,0,0,0
2020-03-18,Sömmerda,,0,0,0,0,0,0
2020-03-18,Sonneberg,,0,0,0,0,0,0
2020-03-18,Suhl,,1,0,0,0,0,0
2020-03-18,Unstrut-Hainich-Kreis,,2,1,0,0,0,0
2020-03-18,Wartburgkreis,,4,1,0,0,0,0
2020-03-18,Weimar,,6,3,0,0,0,0
2020-03-18,Weimarer Land,,2,0,1,0,0,0
2020-03-18,Summe:,,87,16,7,0,0,1
2020-03-19,Altenburger Land,,5,0,1,0,0,0
2020-03-19,Eichsfeld,,3,0,0,0,0,0
2020-03-19,Eisenach,,1,0,0,0,0,0
2020-03-19,Erfurt,,15,1,2,0,0,1
2020-03-19,Gera,,4,2,0,0,0,0
2020-03-19,Gotha,,1,0,0,0,0,0
2020-03-19,Greiz,,15,8,4,0,0,0
2020-03-19,Hildburghausen,,0,0,0,0,0,0
2020-03-19,Ilm-Kreis,,3,2,0,0,0,0
2020-03-19,Jena,,9,1,0,0,0,0
2020-03-19,Kyffhäuserkreis,,8,1,0,0,0,0
2020-03-19,Nordhausen,,2,0,0,0,0,0
2020-03-19,Saale-Holzland-Kreis,,6,2,0,0,0,0
2020-03-19,Saale-Orla-Kreis,,4,0,1,0,0,1
2020-03-19,Saalfeld-Rudolstadt,,8,2,0,0,0,0
2020-03-19,Schmalkalden-Meiningen,,4,2,0,0,0,0
2020-03-19,Sömmerda,,1,1,0,0,0,0
2020-03-19,Sonneberg,,0,0,0,0,0,0
2020-03-19,Suhl,,1,0,0,0,0,0
2020-03-19,Unstrut-Hainich-Kreis,,2,0,0,0,0,0
2020-03-19,Wartburgkreis,,5,1,0,0,0,0
2020-03-19,Weimar,,7,1,0,0,0,0
2020-03-19,Weimarer Land,,4,2,1,0,0,0
2020-03-19,Summe:,,108,26,9,0,0,2
2020-03-20,Altenburger Land,,5,0,1,0,0,0
2020-03-20,Eichsfeld,,4,1,1,0,0,1
2020-03-20,Eisenach,,1,0,0,0,0,0
2020-03-20,Erfurt,,25,10,3,0,0,1
2020-03-20,Gera,,4,0,0,0,0,0
2020-03-20,Gotha,,4,3,0,0,0,0
2020-03-20,Greiz,,22,7,5,0,0,0
2020-03-20,Hildburghausen,,0,0,0,0,0,0
2020-03-20,Ilm-Kreis,,4,1,0,0,0,0
2020-03-20,Jena,,13,4,0,0,0,0
2020-03-20,Kyffhäuserkreis,,10,2,0,0,0,0
2020-03-20,Nordhausen,,2,0,0,0,0,0
2020-03-20,Saale-Holzland-Kreis,,13,7,1,0,0,0
2020-03-20,Saale-Orla-Kreis,,6,2,1,0,0,1
2020-03-20,Saalfeld-Rudolstadt,,12,4,1,0,0,0
2020-03-20,Schmalkalden-Meiningen,,9,5,0,0,0,0
2020-03-20,Sömmerda,,2,1,1,0,0,0
2020-03-20,Sonneberg,,0,0,0,0,0,0
2020-03-20,Suhl,,1,0,0,0,0,0
2020-03-20,Unstrut-Hainich-Kreis,,5,3,0,0,0,0
2020-03-20,Wartburgkreis,,7,2,0,0,0,0
2020-03-20,Weimar,,7,0,0,0,0,0
2020-03-20,Weimarer Land,,5,1,1,0,0,0
2020-03-20,Summe:,,161,53,15,0,0,3
2020-03-21,Altenburger Land,5,5,0,,0,0,0
2020-03-21,Eichsfeld,4,8,4,,0,0,0
2020-03-21,Gotha,4,4,0,,0,0,0
2020-03-21,Greiz,22,30,8,,4,0,0
2020-03-21,Hildburghausen,0,1,1,,0,0,0
2020-03-21,Ilm-Kreis,4,7,3,,0,0,0
2020-03-21,Kyffhäuserkreis,10,12,2,,0,0,0
2020-03-21,Nordhausen,2,3,1,,0,0,0
2020-03-21,Saale-Holzland-Kreis,13,14,1,,0,0,0
2020-03-21,Saale-Orla-Kreis,6,7,1,,1,0,0
2020-03-21,Saalfeld-Rudolstadt,12,12,0,,1,0,0
2020-03-21,Schmalkalden-Meiningen,9,13,4,,0,0,0
2020-03-21,Sömmerda,2,3,1,,1,0,0
2020-03-21,Sonneberg,0,0,0,,0,0,0
2020-03-21,Unstrut-Hainich-Kreis,5,5,0,,0,0,0
2020-03-21,Wartburgkreis,7,9,2,,0,0,0
2020-03-21,Weimarer Land,5,9,4,,1,0,0
2020-03-21,Eisenach,1,1,0,,0,0,0
2020-03-21,Erfurt,25,27,2,,3,0,0
2020-03-21,Gera,4,4,0,,0,0,0
2020-03-21,Jena,13,21,8,,0,0,0
2020-03-21,Suhl,1,2,1,,0,0,0
2020-03-21,Weimar,7,10,3,,0,0,0
2020-03-21,Summe:,161,207,46,,11,0,0
2020-03-22,Altenburger Land,5,7,2,,0,0,0
2020-03-22,Eichsfeld,8,15,7,,0,0,0
2020-03-22,Gotha,4,4,0,,0,0,0
2020-03-22,Greiz,30,36,6,,5,0,0
2020-03-22,Hildburghausen,1,1,0,,0,0,0
2020-03-22,Ilm-Kreis,7,10,3,,0,0,0
2020-03-22,Kyffhäuserkreis,12,12,0,,0,0,0
2020-03-22,Nordhausen,3,3,0,,0,0,0
2020-03-22,Saale-Holzland-Kreis,14,17,3,,0,0,0
2020-03-22,Saale-Orla-Kreis,7,7,0,,1,0,0
2020-03-22,Saalfeld-Rudolstadt,12,17,5,,1,0,0
2020-03-22,Schmalkalden-Meiningen,13,13,0,,0,0,0
2020-03-22,Sömmerda,3,4,1,,1,0,0
2020-03-22,Sonneberg,0,0,0,,0,0,0
2020-03-22,Unstrut-Hainich-Kreis,5,5,0,,0,0,0
2020-03-22,Wartburgkreis,9,9,0,,0,0,0
2020-03-22,Weimarer Land,9,9,0,,1,0,0
2020-03-22,Eisenach,1,1,0,,0,0,0
2020-03-22,Erfurt,27,28,1,,3,0,0
2020-03-22,Gera,4,4,0,,0,0,0
2020-03-22,Jena,21,21,0,,0,0,0
2020-03-22,Suhl,2,4,2,,0,0,0
2020-03-22,Weimar,10,10,0,,0,0,0
2020-03-22,Summe:,207,237,30,,12,0,0
2020-03-23,Altenburger Land,7,8,1,,0,0,0
2020-03-23,Eichsfeld,15,18,3,,0,0,0
2020-03-23,Gotha,4,4,0,,0,0,0
2020-03-23,Greiz,36,45,9,,5,0,0
2020-03-23,Hildburghausen,1,1,0,,0,0,0
2020-03-23,Ilm-Kreis,10,11,1,,0,0,0
2020-03-23,Kyffhäuserkreis,12,12,0,,0,0,0
2020-03-23,Nordhausen,3,3,0,,0,0,0
2020-03-23,Saale-Holzland-Kreis,17,17,0,,0,0,0
2020-03-23,Saale-Orla-Kreis,7,7,0,,1,0,0
2020-03-23,Saalfeld-Rudolstadt,17,17,0,,1,0,0
2020-03-23,Schmalkalden-Meiningen,13,13,0,,0,0,0
2020-03-23,Sömmerda,4,6,2,,1,0,0
2020-03-23,Sonneberg,0,6,6,,0,0,0
2020-03-23,Unstrut-Hainich-Kreis,5,5,0,,0,0,0
2020-03-23,Wartburgkreis,9,9,0,,0,0,0
2020-03-23,Weimarer Land,9,12,3,,1,0,0
2020-03-23,Eisenach,1,1,0,,0,0,0
2020-03-23,Erfurt,28,29,1,,3,0,0
2020-03-23,Gera,4,4,0,,0,0,0
2020-03-23,Jena,21,21,0,,0,0,1
2020-03-23,Suhl,4,4,0,,0,0,0
2020-03-23,Weimar,10,10,0,,0,0,0
2020-03-23,Summe:,237,263,26,,12,0,1
2020-03-24,Altenburger Land,8,8,0,,0,0,0
2020-03-24,Eichsfeld,18,19,1,,1,1,0
2020-03-24,Gotha,4,14,10,,1,0,0
2020-03-24,Greiz,45,51,6,,6,1,0
2020-03-24,Hildburghausen,1,1,0,,0,0,0
2020-03-24,Ilm-Kreis,11,13,2,,0,0,0
2020-03-24,Kyffhäuserkreis,12,12,0,,0,0,0
2020-03-24,Nordhausen,3,6,3,,0,0,0
2020-03-24,Saale-Holzland-Kreis,17,17,0,,0,0,0
2020-03-24,Saale-Orla-Kreis,7,8,1,,2,0,0
2020-03-24,Saalfeld-Rudolstadt,17,17,0,,1,0,0
2020-03-24,Schmalkalden-Meiningen,13,15,2,,0,0,0
2020-03-24,Sömmerda,6,8,2,,1,0,0
2020-03-24,Sonneberg,6,6,0,,0,0,0
2020-03-24,Unstrut-Hainich-Kreis,5,7,2,,2,0,0
2020-03-24,Wartburgkreis,9,14,5,,1,0,0
2020-03-24,Weimarer Land,12,12,0,,1,0,0
2020-03-24,Eisenach,1,1,0,,0,0,0
2020-03-24,Erfurt,29,44,15,,3,0,0
2020-03-24,Gera,4,4,0,,0,0,0
2020-03-24,Jena,21,55,35,,0,0,1
2020-03-24,Suhl,4,4,0,,0,0,0
2020-03-24,Weimar,10,13,3,,0,0,0
2020-03-24,Summe:,263,349,86,,19,2,1
2020-03-25,Altenburger Land,8,17,9,,1,0,0
2020-03-25,Eichsfeld,19,28,9,,1,1,0
2020-03-25,Gotha,14,16,2,,2,0,0
2020-03-25,Greiz,51,58,7,,8,1,1
2020-03-25,Hildburghausen,1,2,1,,0,0,0
2020-03-25,Ilm-Kreis,13,19,6,,0,0,0
2020-03-25,Kyffhäuserkreis,12,15,3,,0,0,0
2020-03-25,Nordhausen,6,6,0,,0,0,0
2020-03-25,Saale-Holzland-Kreis,17,19,2,,0,0,0
2020-03-25,Saale-Orla-Kreis,8,8,0,,2,0,0
2020-03-25,Saalfeld-Rudolstadt,17,20,3,,1,0,0
2020-03-25,Schmalkalden-Meiningen,15,19,4,,0,0,0
2020-03-25,Sömmerda,8,10,2,,2,0,0
2020-03-25,Sonneberg,6,8,2,,0,0,0
2020-03-25,Unstrut-Hainich-Kreis,7,7,0,,2,0,0
2020-03-25,Wartburgkreis,14,15,1,,2,1,0
2020-03-25,Weimarer Land,12,15,3,,3,0,0
2020-03-25,Eisenach,1,1,0,,0,0,0
2020-03-25,Erfurt,44,54,10,,3,0,0
2020-03-25,Gera,4,7,3,,0,0,0
2020-03-25,Jena,55,55,0,,0,0,1
2020-03-25,Suhl,4,5,1,,1,0,0
2020-03-25,Weimar,13,19,6,,1,0,0
2020-03-25,Summe:,349,423,74,,29,3,2
2020-03-26,Altenburger Land,17,17,0,,1,0,0
2020-03-26,Eichsfeld,28,38,10,,1,1,0
2020-03-26,Gotha,16,17,1,,2,0,0
2020-03-26,Greiz,58,86,28,,8,2,1
2020-03-26,Hildburghausen,2,3,1,,0,0,0
2020-03-26,Ilm-Kreis,19,30,11,,0,0,1
2020-03-26,Kyffhäuserkreis,15,17,2,,0,0,0
2020-03-26,Nordhausen,6,7,1,,0,0,0
2020-03-26,Saale-Holzland-Kreis,19,20,1,,0,0,0
2020-03-26,Saale-Orla-Kreis,8,10,2,,2,0,0
2020-03-26,Saalfeld-Rudolstadt,20,25,5,,1,0,0
2020-03-26,Schmalkalden-Meiningen,19,21,2,,0,0,0
2020-03-26,Sömmerda,10,14,4,,2,0,0
2020-03-26,Sonneberg,8,9,1,,0,0,0
2020-03-26,Unstrut-Hainich-Kreis,7,8,1,,2,0,0
2020-03-26,Wartburgkreis,15,15,0,,2,1,0
2020-03-26,Weimarer Land,15,15,0,,3,0,0
2020-03-26,Eisenach,1,3,2,,0,1,0
2020-03-26,Erfurt,54,62,8,,3,0,0
2020-03-26,Gera,7,8,1,,0,0,0
2020-03-26,Jena,55,61,6,,0,0,1
2020-03-26,Suhl,5,5,0,,1,0,0
2020-03-26,Weimar,19,21,2,,1,0,0
2020-03-26,Summe:,423,512,89,,40,5,3
2020-03-27,Altenburger Land,17,18,1,2,1,1,0
2020-03-27,Eichsfeld,38,39,1,2,2,1,0
2020-03-27,Gotha,17,20,3,3,2,0,0
2020-03-27,Greiz,86,103,17,17,13,2,2
2020-03-27,Hildburghausen,3,6,3,0,0,0,0
2020-03-27,Ilm-Kreis,30,39,9,1,0,0,1
2020-03-27,Kyffhäuserkreis,17,17,0,0,0,0,0
2020-03-27,Nordhausen,7,9,2,1,1,1,0
2020-03-27,Saale-Holzland-Kreis,20,21,1,1,0,0,0
2020-03-27,Saale-Orla-Kreis,10,11,1,3,2,0,0
2020-03-27,Saalfeld-Rudolstadt,25,25,0,3,3,0,0
2020-03-27,Schmalkalden-Meiningen,21,25,4,0,0,0,0
2020-03-27,Sömmerda,14,20,6,2,2,0,0
2020-03-27,Sonneberg,9,13,4,0,0,0,0
2020-03-27,Unstrut-Hainich-Kreis,8,10,2,3,2,0,0
2020-03-27,Wartburgkreis,15,15,0,2,2,1,0
2020-03-27,Weimarer Land,15,17,0,4,2,0,0
2020-03-27,Eisenach,3,3,0,2,2,1,0
2020-03-27,Erfurt,62,66,4,3,3,0,0
2020-03-27,Gera,8,8,0,0,0,0,0
2020-03-27,Jena,61,61,0,11,2,0,1
2020-03-27,Suhl,5,5,0,1,1,0,0
2020-03-27,Weimar,21,23,2,1,1,0,0
2020-03-27,Summe:,512,574,62,62,41,7,4
2020-03-28,Altenburger Land,18,19,1,2,1,1,0
2020-03-28,Eichsfeld,39,42,1,2,2,1,1
2020-03-28,Gotha,20,20,3,3,2,0,0
2020-03-28,Greiz,103,111,8,17,13,2,2
2020-03-28,Hildburghausen,6,7,1,1,1,0,0
2020-03-28,Ilm-Kreis,39,51,12,2,0,0,1
2020-03-28,Kyffhäuserkreis,17,19,2,0,0,0,0
2020-03-28,Nordhausen,9,10,1,2,2,1,0
2020-03-28,Saale-Holzland-Kreis,21,22,1,1,0,0,0
2020-03-28,Saale-Orla-Kreis,11,27,16,3,2,0,0
2020-03-28,Saalfeld-Rudolstadt,25,33,8,3,3,0,0
2020-03-28,Schmalkalden-Meiningen,25,27,2,0,0,0,0
2020-03-28,Sömmerda,20,22,2,2,2,0,0
2020-03-28,Sonneberg,13,15,2,0,0,0,0
2020-03-28,Unstrut-Hainich-Kreis,10,10,0,3,2,0,0
2020-03-28,Wartburgkreis,15,15,0,2,2,1,0
2020-03-28,Weimarer Land,17,18,1,5,3,0,0
2020-03-28,Eisenach,3,4,1,2,2,1,0
2020-03-28,Erfurt,66,71,5,3,3,0,0
2020-03-28,Gera,8,14,6,0,0,0,0
2020-03-28,Jena,61,86,25,13,3,0,1
2020-03-28,Suhl,5,5,0,1,1,0,0
2020-03-28,Weimar,23,24,1,2,2,0,0
2020-03-28,Summe:,574,672,98,69,46,7,5
2020-03-29,Altenburger Land,19,20,1,2,1,1,0
2020-03-29,Eichsfeld,42,47,5,3,3,1,1
2020-03-29,Gotha,20,20,0,3,2,0,0
2020-03-29,Greiz,111,121,10,22,18,2,2
2020-03-29,Hildburghausen,7,7,0,1,1,0,0
2020-03-29,Ilm-Kreis,51,55,4,2,0,0,1
2020-03-29,Kyffhäuserkreis,19,19,0,0,0,0,0
2020-03-29,Nordhausen,10,11,1,3,3,1,0
2020-03-29,Saale-Holzland-Kreis,22,27,5,2,1,0,0
2020-03-29,Saale-Orla-Kreis,27,27,0,3,2,0,0
2020-03-29,Saalfeld-Rudolstadt,33,33,0,3,3,0,0
2020-03-29,Schmalkalden-Meiningen,27,28,1,1,1,0,0
2020-03-29,Sömmerda,22,22,0,2,2,0,0
2020-03-29,Sonneberg,15,19,4,1,1,0,0
2020-03-29,Unstrut-Hainich-Kreis,10,10,0,3,2,0,0
2020-03-29,Wartburgkreis,15,17,2,2,2,1,0
2020-03-29,Weimarer Land,18,21,3,5,3,0,0
2020-03-29,Eisenach,4,4,0,2,2,1,0
2020-03-29,Erfurt,71,74,3,4,3,0,0
2020-03-29,Gera,14,18,4,1,1,0,0
2020-03-29,Jena,86,101,15,15,3,0,1
2020-03-29,Suhl,5,6,1,2,2,0,0
2020-03-29,Weimar,24,29,5,2,2,0,0
2020-03-29,Summe:,672,736,64,84,58,7,5
2020-03-30,Altenburger Land,20,20,0,2,1,1,0
2020-03-30,Eichsfeld,47,49,2,3,3,1,1
2020-03-30,Gotha,20,21,1,5,4,0,0
2020-03-30,Greiz,121,130,9,24,19,4,2
2020-03-30,Hildburghausen,7,7,0,1,1,0,0
2020-03-30,Ilm-Kreis,55,55,0,2,0,0,1
2020-03-30,Kyffhäuserkreis,19,19,0,0,0,0,0
2020-03-30,Nordhausen,11,12,1,3,3,1,0
2020-03-30,Saale-Holzland-Kreis,27,27,0,2,1,0,0
2020-03-30,Saale-Orla-Kreis,27,31,4,4,2,0,0
2020-03-30,Saalfeld-Rudolstadt,33,33,0,3,3,0,0
2020-03-30,Schmalkalden-Meiningen,28,30,2,1,1,1,0
2020-03-30,Sömmerda,22,22,0,2,2,0,0
2020-03-30,Sonneberg,19,20,1,2,2,0,0
2020-03-30,Unstrut-Hainich-Kreis,10,11,1,3,2,0,0
2020-03-30,Wartburgkreis,17,17,0,2,2,1,0
2020-03-30,Weimarer Land,21,22,1,5,3,0,0
2020-03-30,Eisenach,4,4,0,2,2,1,0
2020-03-30,Erfurt,74,76,2,4,3,0,0
2020-03-30,Gera,18,19,1,2,2,0,0
2020-03-30,Jena,101,101,0,15,3,0,1
2020-03-30,Suhl,6,6,0,2,2,0,0
2020-03-30,Weimar,29,29,0,2,2,0,0
2020-03-30,Summe:,736,761,25,91,63,10,5
2020-03-31,Altenburger Land,20,21,1,3,2,1,0
2020-03-31,Eichsfeld,49,50,1,5,5,1,1
2020-03-31,Gotha,21,23,2,5,4,0,0
2020-03-31,Greiz,130,132,2,26,21,4,3
2020-03-31,Hildburghausen,7,7,0,1,1,0,0
2020-03-31,Ilm-Kreis,55,58,3,4,1,1,1
2020-03-31,Kyffhäuserkreis,19,19,0,0,0,0,0
2020-03-31,Nordhausen,12,15,3,3,3,1,0
2020-03-31,Saale-Holzland-Kreis,27,29,2,2,1,0,0
2020-03-31,Saale-Orla-Kreis,31,34,3,4,2,0,0
2020-03-31,Saalfeld-Rudolstadt,33,39,6,4,3,0,0
2020-03-31,Schmalkalden-Meiningen,30,30,0,1,1,1,0
2020-03-31,Sömmerda,22,23,1,2,2,0,0
2020-03-31,Sonneberg,20,22,2,4,4,1,0
2020-03-31,Unstrut-Hainich-Kreis,11,16,5,3,2,0,0
2020-03-31,Wartburgkreis,17,18,1,2,2,1,0
2020-03-31,Weimarer Land,22,24,2,5,3,0,0
2020-03-31,Eisenach,4,4,0,2,2,1,0
2020-03-31,Erfurt,76,75,-1,6,5,0,0
2020-03-31,Gera,19,19,0,2,2,0,0
2020-03-31,Jena,101,111,10,16,4,0,1
2020-03-31,Suhl,6,7,1,3,2,2,0
2020-03-31,Weimar,29,29,0,2,2,0,0
2020-03-31,Summe:,761,805,44,105,74,14,6
2020-04-01,Altenburger Land,21,24,3,3,2,1,0
2020-04-01,Eichsfeld,50,55,5,7,7,2,1
2020-04-01,Gotha,23,26,3,5,4,0,0
2020-04-01,Greiz,132,139,7,28,22,4,4
2020-04-01,Hildburghausen,7,7,0,1,1,0,0
2020-04-01,Ilm-Kreis,58,65,7,5,1,1,1
2020-04-01,Kyffhäuserkreis,19,23,4,1,1,0,0
2020-04-01,Nordhausen,15,15,0,3,3,1,0
2020-04-01,Saale-Holzland-Kreis,29,30,1,2,1,0,0
2020-04-01,Saale-Orla-Kreis,34,37,3,11,9,0,0
2020-04-01,Saalfeld-Rudolstadt,39,39,0,4,3,0,0
2020-04-01,Schmalkalden-Meiningen,30,33,3,1,1,1,0
2020-04-01,Sömmerda,23,24,1,2,2,0,0
2020-04-01,Sonneberg,22,28,6,4,4,1,0
2020-04-01,Unstrut-Hainich-Kreis,16,18,2,4,3,0,0
2020-04-01,Wartburgkreis,18,18,0,2,2,1,0
2020-04-01,Weimarer Land,24,26,2,5,3,0,0
2020-04-01,Eisenach,4,4,0,2,2,1,0
2020-04-01,Erfurt,75,82,7,7,6,1,0
2020-04-01,Gera,19,22,3,2,2,0,0
2020-04-01,Jena,111,113,2,17,5,0,1
2020-04-01,Suhl,7,7,0,3,2,2,0
2020-04-01,Weimar,29,29,0,2,2,0,0
2020-04-01,Summe:,805,864,59,121,88,16,7
2020-04-02,Altenburger Land,24,28,4,3,2,1,0
2020-04-02,Eichsfeld,55,59,4,7,7,2,1
2020-04-02,Gotha,26,27,1,6,4,0,0
2020-04-02,Greiz,139,154,15,33,27,5,4
2020-04-02,Hildburghausen,7,7,0,1,1,0,0
2020-04-02,Ilm-Kreis,65,65,0,5,5,1,1
2020-04-02,Kyffhäuserkreis,23,23,0,1,1,0,0
2020-04-02,Nordhausen,15,16,1,3,3,1,0
2020-04-02,Saale-Holzland-Kreis,30,31,1,2,1,0,0
2020-04-02,Saale-Orla-Kreis,37,41,4,11,9,0,0
2020-04-02,Saalfeld-Rudolstadt,39,45,6,4,3,0,0
2020-04-02,Schmalkalden-Meiningen,33,33,0,1,1,1,0
2020-04-02,Sömmerda,24,27,3,3,3,0,0
2020-04-02,Sonneberg,28,30,2,4,4,1,1
2020-04-02,Unstrut-Hainich-Kreis,18,21,3,4,3,0,0
2020-04-02,Wartburgkreis,18,26,8,3,3,1,0
2020-04-02,Weimarer Land,26,29,3,6,4,0,0
2020-04-02,Eisenach,4,6,2,2,2,1,0
2020-04-02,Erfurt,82,87,5,7,6,1,0
2020-04-02,Gera,22,25,3,2,2,0,0
2020-04-02,Jena,113,117,4,11,6,0,1
2020-04-02,Suhl,7,7,0,3,3,2,0
2020-04-02,Weimar,29,34,5,5,4,0,0
2020-04-02,Summe:,864,938,74,127,104,17,8
2020-04-03,Altenburger Land,28,30,2,3,2,1,0
2020-04-03,Eichsfeld,59,61,2,8,8,2,1
2020-04-03,Gotha,27,34,7,7,5,0,0
2020-04-03,Greiz,154,166,12,34,28,5,5
2020-04-03,Hildburghausen,7,7,0,1,1,0,0
2020-04-03,Ilm-Kreis,65,74,9,5,5,1,1
2020-04-03,Kyffhäuserkreis,23,25,2,1,1,0,0
2020-04-03,Nordhausen,16,20,4,3,3,1,0
2020-04-03,Saale-Holzland-Kreis,31,35,4,2,1,0,0
2020-04-03,Saale-Orla-Kreis,41,50,9,12,10,0,0
2020-04-03,Saalfeld-Rudolstadt,45,47,2,5,3,0,0
2020-04-03,Schmalkalden-Meiningen,33,35,2,1,1,1,0
2020-04-03,Sömmerda,27,29,2,3,3,0,0
2020-04-03,Sonneberg,30,33,3,4,4,1,1
2020-04-03,Unstrut-Hainich-Kreis,21,25,4,5,4,0,0
2020-04-03,Wartburgkreis,26,28,2,3,3,1,0
2020-04-03,Weimarer Land,29,30,1,6,4,0,0
2020-04-03,Eisenach,6,6,0,2,2,1,0
2020-04-03,Erfurt,87,89,2,8,6,1,0
2020-04-03,Gera,25,34,9,3,3,0,0
2020-04-03,Jena,117,117,0,11,6,0,1
2020-04-03,Suhl,7,7,0,3,3,2,0
2020-04-03,Weimar,34,39,5,7,5,0,0
2020-04-03,Summe:,938,1021,83,137,111,17,9
2020-04-04,Altenburger Land,30,30,0,3,2,1,0
2020-04-04,Eichsfeld,61,64,3,8,8,2,1
2020-04-04,Gotha,34,34,0,7,5,0,0
2020-04-04,Greiz,166,175,9,35,29,6,5
2020-04-04,Hildburghausen,7,7,0,1,1,0,0
2020-04-04,Ilm-Kreis,74,80,6,5,5,2,1
2020-04-04,Kyffhäuserkreis,25,27,2,1,1,0,0
2020-04-04,Nordhausen,20,20,0,3,3,1,0
2020-04-04,Saale-Holzland-Kreis,35,36,1,2,1,0,0
2020-04-04,Saale-Orla-Kreis,50,61,11,13,11,0,1
2020-04-04,Saalfeld-Rudolstadt,47,48,1,5,3,0,0
2020-04-04,Schmalkalden-Meiningen,35,35,0,1,1,1,0
2020-04-04,Sömmerda,29,29,0,3,3,0,0
2020-04-04,Sonneberg,33,34,1,4,4,1,1
2020-04-04,Unstrut-Hainich-Kreis,25,29,4,5,4,0,0
2020-04-04,Wartburgkreis,28,28,0,3,3,1,0
2020-04-04,Weimarer Land,30,36,6,6,4,0,0
2020-04-04,Eisenach,6,8,2,4,2,1,0
2020-04-04,Erfurt,89,94,5,9,6,1,0
2020-04-04,Gera,34,36,2,3,3,0,0
2020-04-04,Jena,117,117,0,11,6,0,1
2020-04-04,Suhl,7,9,2,4,4,2,0
2020-04-04,Weimar,39,43,4,7,5,0,0
2020-04-04,Summe:,1021,1080,59,143,114,19,10
2020-04-05,Altenburger Land,30,30,0,4,3,1,0
2020-04-05,Eichsfeld,64,68,4,8,8,2,1
2020-04-05,Gotha,34,34,0,7,5,0,0
2020-04-05,Greiz,175,182,7,38,32,6,5
2020-04-05,Hildburghausen,7,7,0,1,1,0,0
2020-04-05,Ilm-Kreis,80,93,13,5,5,2,1
2020-04-05,Kyffhäuserkreis,27,27,0,1,1,0,0
2020-04-05,Nordhausen,20,20,0,3,3,1,0
2020-04-05,Saale-Holzland-Kreis,36,41,5,2,1,0,0
2020-04-05,Saale-Orla-Kreis,61,65,4,13,11,0,1
2020-04-05,Saalfeld-Rudolstadt,48,48,0,5,3,0,0
2020-04-05,Schmalkalden-Meiningen,35,36,1,1,1,1,0
2020-04-05,Sömmerda,29,29,0,3,3,0,0
2020-04-05,Sonneberg,34,35,1,4,4,1,1
2020-04-05,Unstrut-Hainich-Kreis,29,35,6,5,4,0,0
2020-04-05,Wartburgkreis,28,28,0,3,3,1,0
2020-04-05,Weimarer Land,36,41,5,8,5,0,0
2020-04-05,Eisenach,8,8,0,4,2,1,0
2020-04-05,Erfurt,94,95,1,10,6,1,0
2020-04-05,Gera,36,36,0,3,3,0,0
2020-04-05,Jena,117,133,16,11,7,0,1
2020-04-05,Suhl,9,10,1,4,4,2,0
2020-04-05,Weimar,43,43,0,7,5,0,0
2020-04-05,Summe:,1080,1144,64,150,120,19,10
2020-04-06,Altenburger Land,30,31,1,4,3,1,0
2020-04-06,Eichsfeld,68,68,0,8,8,2,1
2020-04-06,Gotha,34,37,3,8,6,0,0
2020-04-06,Greiz,182,194,12,41,35,7,6
2020-04-06,Hildburghausen,7,7,0,1,1,0,0
2020-04-06,Ilm-Kreis,93,93,0,5,5,2,1
2020-04-06,Kyffhäuserkreis,27,27,0,1,1,0,0
2020-04-06,Nordhausen,20,21,1,4,3,1,0
2020-04-06,Saale-Holzland-Kreis,41,45,4,3,1,0,0
2020-04-06,Saale-Orla-Kreis,65,68,3,13,11,0,3
2020-04-06,Saalfeld-Rudolstadt,48,48,0,5,3,0,0
2020-04-06,Schmalkalden-Meiningen,36,36,0,1,1,1,0
2020-04-06,Sömmerda,29,30,1,4,4,1,0
2020-04-06,Sonneberg,35,35,0,4,4,1,1
2020-04-06,Unstrut-Hainich-Kreis,35,35,0,5,4,0,0
2020-04-06,Wartburgkreis,28,28,0,3,3,1,0
2020-04-06,Weimarer Land,41,53,12,11,9,0,0
2020-04-06,Eisenach,8,8,0,4,2,1,0
2020-04-06,Erfurt,95,96,1,10,6,1,0
2020-04-06,Gera,36,36,0,3,3,0,0
2020-04-06,Jena,133,136,3,12,8,0,1
2020-04-06,Suhl,10,10,0,4,4,2,0
2020-04-06,Weimar,43,46,3,7,5,0,0
2020-04-06,Summe:,1144,1188,44,161,130,21,13
2020-04-07,Altenburger Land,31,31,0,5,4,2,0
2020-04-07,Eichsfeld,68,71,3,8,8,2,1
2020-04-07,Gotha,37,40,3,9,6,0,1
2020-04-07,Greiz,194,201,7,43,37,8,11
2020-04-07,Hildburghausen,7,11,4,2,2,0,0
2020-04-07,Ilm-Kreis,93,97,4,9,8,4,1
2020-04-07,Kyffhäuserkreis,27,27,0,1,1,0,0
2020-04-07,Nordhausen,21,21,0,4,3,1,0
2020-04-07,Saale-Holzland-Kreis,45,46,1,3,1,0,0
2020-04-07,Saale-Orla-Kreis,68,68,0,13,11,0,3
2020-04-07,Saalfeld-Rudolstadt,48,51,3,6,5,0,0
2020-04-07,Schmalkalden-Meiningen,36,36,0,1,1,1,0
2020-04-07,Sömmerda,30,30,0,4,4,1,0
2020-04-07,Sonneberg,35,36,1,4,4,1,1
2020-04-07,Unstrut-Hainich-Kreis,35,35,0,5,4,0,0
2020-04-07,Wartburgkreis,28,28,0,3,3,1,0
2020-04-07,Weimarer Land,53,54,1,11,8,0,0
2020-04-07,Eisenach,8,9,1,4,3,2,0
2020-04-07,Erfurt,96,97,1,11,7,1,0
2020-04-07,Gera,36,37,1,3,3,0,0
2020-04-07,Jena,136,137,1,12,8,0,1
2020-04-07,Suhl,10,11,1,4,4,2,0
2020-04-07,Weimar,46,48,2,9,7,0,0
2020-04-07,Summe:,1188,1222,34,174,142,26,19
2020-04-08,Altenburger Land,31,33,2,6,4,3,0
2020-04-08,Eichsfeld,71,76,5,11,11,4,1
2020-04-08,Gotha,40,46,6,9,7,0,1
2020-04-08,Greiz,201,214,13,48,40,9,11
2020-04-08,Hildburghausen,11,11,0,2,2,0,0
2020-04-08,Ilm-Kreis,97,98,1,9,8,4,1
2020-04-08,Kyffhäuserkreis,27,28,1,1,1,0,0
2020-04-08,Nordhausen,21,26,5,4,3,1,0
2020-04-08,Saale-Holzland-Kreis,46,47,1,3,1,0,0
2020-04-08,Saale-Orla-Kreis,68,75,7,13,11,0,3
2020-04-08,Saalfeld-Rudolstadt,51,52,1,7,5,0,0
2020-04-08,Schmalkalden-Meiningen,36,41,5,2,1,1,0
2020-04-08,Sömmerda,30,31,1,5,5,1,0
2020-04-08,Sonneberg,36,38,2,4,4,1,1
2020-04-08,Unstrut-Hainich-Kreis,35,41,6,6,4,0,0
2020-04-08,Wartburgkreis,28,30,2,3,3,1,0
2020-04-08,Weimarer Land,54,54,0,11,8,0,0
2020-04-08,Eisenach,9,9,0,4,3,2,0
2020-04-08,Erfurt,97,103,6,15,9,1,0
2020-04-08,Gera,37,40,3,5,3,0,0
2020-04-08,Jena,137,144,7,12,8,0,1
2020-04-08,Suhl,11,11,0,4,4,2,0
2020-04-08,Weimar,48,51,3,10,7,0,0
2020-04-08,Summe:,1222,1299,77,194,152,39,20
2020-04-09,Altenburger Land,33,33,0,6,4,3,0
2020-04-09,Eichsfeld,76,79,3,11,11,4,1
2020-04-09,Gotha,46,51,5,10,7,0,1
2020-04-09,Greiz,214,221,7,50,42,9,12
2020-04-09,Hildburghausen,11,11,0,2,2,0,0
2020-04-09,Ilm-Kreis,98,99,1,9,8,4,1
2020-04-09,Kyffhäuserkreis,28,34,6,1,1,0,0
2020-04-09,Nordhausen,26,27,1,4,3,1,0
2020-04-09,Saale-Holzland-Kreis,47,48,1,3,1,0,0
2020-04-09,Saale-Orla-Kreis,75,81,6,13,11,1,3
2020-04-09,Saalfeld-Rudolstadt,52,54,2,8,6,0,0
2020-04-09,Schmalkalden-Meiningen,41,44,3,2,1,1,0
2020-04-09,Sömmerda,31,32,1,5,5,1,0
2020-04-09,Sonneberg,38,43,5,4,4,1,1
2020-04-09,Unstrut-Hainich-Kreis,41,43,2,7,5,0,0
2020-04-09,Wartburgkreis,30,31,1,3,3,1,0
2020-04-09,Weimarer Land,54,54,0,11,8,0,1
2020-04-09,Eisenach,9,10,1,4,3,2,0
2020-04-09,Erfurt,103,107,4,15,10,1,0
2020-04-09,Gera,40,42,2,5,3,0,0
2020-04-09,Jena,144,147,3,12,8,0,1
2020-04-09,Suhl,11,11,0,4,4,2,0
2020-04-09,Weimar,51,52,1,10,7,0,0
2020-04-09,Summe:,1299,1354,55,199,157,31,21
2020-04-10,Altenburger Land,33,34,1,7,4,4,0
2020-04-10,Eichsfeld,79,85,6,10,10,4,1
2020-04-10,Gotha,51,58,7,10,7,0,1
2020-04-10,Greiz,221,225,4,51,43,9,12
2020-04-10,Hildburghausen,11,11,0,2,2,0,1
2020-04-10,Ilm-Kreis,99,101,2,10,9,5,1
2020-04-10,Kyffhäuserkreis,34,36,2,2,1,0,0
2020-04-10,Nordhausen,27,29,2,6,5,3,0
2020-04-10,Saale-Holzland-Kreis,48,49,1,4,2,1,0
2020-04-10,Saale-Orla-Kreis,81,85,4,15,12,1,3
2020-04-10,Saalfeld-Rudolstadt,54,55,1,9,6,0,0
2020-04-10,Schmalkalden-Meiningen,44,52,8,3,1,1,0
2020-04-10,Sömmerda,32,32,0,5,5,1,0
2020-04-10,Sonneberg,43,47,4,4,4,1,1
2020-04-10,Unstrut-Hainich-Kreis,43,45,2,7,5,0,0
2020-04-10,Wartburgkreis,31,31,0,3,3,1,0
2020-04-10,Weimarer Land,54,58,4,12,8,0,1
2020-04-10,Eisenach,10,10,0,4,3,2,0
2020-04-10,Erfurt,107,110,3,15,10,1,1
2020-04-10,Gera,42,48,6,5,3,0,0
2020-04-10,Jena,147,153,6,13,8,0,1
2020-04-10,Suhl,11,11,0,4,4,2,1
2020-04-10,Weimar,52,55,3,11,7,1,0
2020-04-10,Summe:,1354,1420,66,212,162,37,24
2020-04-11,Altenburger Land,34,36,2,7,4,4,0
2020-04-11,Eichsfeld,85,89,4,11,11,5,1
2020-04-11,Gotha,58,62,4,13,7,0,1
2020-04-11,Greiz,225,225,0,51,43,9,12
2020-04-11,Hildburghausen,11,11,0,2,2,0,1
2020-04-11,Ilm-Kreis,101,102,1,11,9,5,2
2020-04-11,Kyffhäuserkreis,36,36,0,2,1,0,0
2020-04-11,Nordhausen,29,29,0,6,5,3,0
2020-04-11,Saale-Holzland-Kreis,49,50,1,4,2,1,0
2020-04-11,Saale-Orla-Kreis,85,88,3,17,14,1,3
2020-04-11,Saalfeld-Rudolstadt,55,55,0,9,6,0,0
2020-04-11,Schmalkalden-Meiningen,52,54,2,4,1,1,0
2020-04-11,Sömmerda,32,32,0,5,5,1,0
2020-04-11,Sonneberg,47,47,0,4,4,1,1
2020-04-11,Unstrut-Hainich-Kreis,45,47,2,8,5,0,0
2020-04-11,Wartburgkreis,31,31,0,3,3,1,0
2020-04-11,Weimarer Land,58,59,1,12,8,0,1
2020-04-11,Eisenach,10,10,0,4,3,2,0
2020-04-11,Erfurt,110,110,0,15,10,1,1
2020-04-11,Gera,48,51,3,6,4,0,0
2020-04-11,Jena,153,153,0,13,8,0,1
2020-04-11,Suhl,11,11,0,4,4,2,1
2020-04-11,Weimar,55,55,0,11,7,1,0
2020-04-11,Summe:,1420,1443,23,222,166,38,25
2020-04-12,Altenburger Land,36,36,0,7,4,4,0
2020-04-12,Eichsfeld,89,89,4,11,11,5,1
2020-04-12,Gotha,62,63,1,13,7,0,1
2020-04-12,Greiz,225,234,9,51,45,10,12
2020-04-12,Hildburghausen,11,11,0,2,2,0,1
2020-04-12,Ilm-Kreis,102,102,1,11,9,5,2
2020-04-12,Kyffhäuserkreis,36,35,0,2,1,0,0
2020-04-12,Nordhausen,29,29,0,6,5,3,0
2020-04-12,Saale-Holzland-Kreis,50,50,0,4,2,1,0
2020-04-12,Saale-Orla-Kreis,88,92,4,17,14,1,3
2020-04-12,Saalfeld-Rudolstadt,55,55,0,9,6,0,0
2020-04-12,Schmalkalden-Meiningen,54,54,0,4,1,1,0
2020-04-12,Sömmerda,32,32,0,5,5,1,0
2020-04-12,Sonneberg,47,49,2,4,4,1,1
2020-04-12,Unstrut-Hainich-Kreis,47,51,4,8,5,0,0
2020-04-12,Wartburgkreis,31,33,2,4,3,1,0
2020-04-12,Weimarer Land,59,59,0,12,8,0,1
2020-04-12,Eisenach,10,12,2,4,3,2,0
2020-04-12,Erfurt,110,112,2,15,10,1,1
2020-04-12,Gera,51,53,2,6,4,0,0
2020-04-12,Jena,153,153,0,13,8,0,1
2020-04-12,Suhl,11,11,0,4,4,2,1
2020-04-12,Weimar,55,55,0,11,7,1,0
2020-04-12,Summe:,1443,1470,27,223,168,39,25
